{"cameraMode":{"drawMode":0,"name":"Shaded","section":"Shading Mode"},"sceneLighting":true,"audioPlay":false,"sceneViewState":{"m_AlwaysRefresh":false,"showFog":true,"showSkybox":true,"showFlares":true,"showImageEffects":true,"showParticleSystems":true,"showVisualEffectGraphs":true,"m_FxEnabled":true},"in2DMode":false,"pivot":{"x":19.200000762939454,"y":0.7000000476837158,"z":22.899999618530275},"rotation":{"x":-0.0296870656311512,"y":0.9702516198158264,"z":-0.17536325752735139,"w":-0.16425280272960664},"size":5.852349758148193,"orthographic":false}